lien,groupe_parlementaire,departement
http://www2.assemblee-nationale.fr/sycomore/fiche/(num_dept)/79/(legislature)/47,Socialiste,Pyrénées-Orientales
http://www2.assemblee-nationale.fr/sycomore/fiche/(num_dept)/94/(legislature)/47,Indépendants et paysans d'action sociale,Aisne
http://www2.assemblee-nationale.fr/sycomore/fiche/(num_dept)/97/(legislature)/47,Union et fraternité francaise,Rhône
http://www2.assemblee-nationale.fr/sycomore/fiche/(num_dept)/132/(legislature)/47,Indépendants et paysans d'action sociale,Meurthe-et-Moselle
http://www2.assemblee-nationale.fr/sycomore/fiche/(num_dept)/128/(legislature)/47,Républicain radical et radical-socialiste,Vienne
http://www2.assemblee-nationale.fr/sycomore/fiche/(num_dept)/145/(legislature)/47,Mouvement républicain populaire,Maine-et-Loire
http://www2.assemblee-nationale.fr/sycomore/fiche/(num_dept)/153/(legislature)/47,Communiste,Nord
http://www2.assemblee-nationale.fr/sycomore/fiche/(num_dept)/159/(legislature)/47,Indépendants et paysans d'action sociale,Ain
http://www2.assemblee-nationale.fr/sycomore/fiche/(num_dept)/161/(legislature)/47,Paysan,Haute-Loire
http://www2.assemblee-nationale.fr/sycomore/fiche/(num_dept)/165/(legislature)/47,Républicain radical et radical-socialiste,Marne
http://www2.assemblee-nationale.fr/sycomore/fiche/(num_dept)/166/(legislature)/47,Indépendants et paysans d'action sociale,Dahomey
http://www2.assemblee-nationale.fr/sycomore/fiche/(num_dept)/176/(legislature)/47,Socialiste,Seine-et-Marne
http://www2.assemblee-nationale.fr/sycomore/fiche/(num_dept)/177/(legislature)/47,Mouvement républicain populaire,Bas-Rhin
http://www2.assemblee-nationale.fr/sycomore/fiche/(num_dept)/196/(legislature)/47,Socialiste,Var
http://www2.assemblee-nationale.fr/sycomore/fiche/(num_dept)/212/(legislature)/47,Républicain radical et radical-socialiste,Corse
http://www2.assemblee-nationale.fr/sycomore/fiche/(num_dept)/226/(legislature)/47,Indépendants d'outre-mer,Gabon
http://www2.assemblee-nationale.fr/sycomore/fiche/(num_dept)/227/(legislature)/47,Socialiste,Haute-Garonne
http://www2.assemblee-nationale.fr/sycomore/fiche/(num_dept)/311/(legislature)/47,Union démocratique et socialiste de la Résistance et du RDA,La Réunion
http://www2.assemblee-nationale.fr/sycomore/fiche/(num_dept)/320/(legislature)/47,Mouvement républicain populaire,Seine
http://www2.assemblee-nationale.fr/sycomore/fiche/(num_dept)/324/(legislature)/47,Républicain radical et radical-socialiste,Hérault
http://www2.assemblee-nationale.fr/sycomore/fiche/(num_dept)/347/(legislature)/47,Mouvement républicain populaire,Haut-Rhin
http://www2.assemblee-nationale.fr/sycomore/fiche/(num_dept)/352/(legislature)/47,Communiste,Seine-et-Oise
http://www2.assemblee-nationale.fr/sycomore/fiche/(num_dept)/393/(legislature)/47,Communiste,Nièvre
http://www2.assemblee-nationale.fr/sycomore/fiche/(num_dept)/405/(legislature)/47,Communiste,Alpes-Maritimes
http://www2.assemblee-nationale.fr/sycomore/fiche/(num_dept)/406/(legislature)/47,Indépendants et paysans d'action sociale,Seine-et-Marne
http://www2.assemblee-nationale.fr/sycomore/fiche/(num_dept)/428/(legislature)/47,Indépendants et paysans d'action sociale,Seine
http://www2.assemblee-nationale.fr/sycomore/fiche/(num_dept)/440/(legislature)/47,Mouvement républicain populaire,Haute-Loire
http://www2.assemblee-nationale.fr/sycomore/fiche/(num_dept)/441/(legislature)/47,Républicain radical et radical-socialiste,Guinée
http://www2.assemblee-nationale.fr/sycomore/fiche/(num_dept)/445/(legislature)/47,Communiste,Jura
http://www2.assemblee-nationale.fr/sycomore/fiche/(num_dept)/453/(legislature)/47,Communiste,Var
http://www2.assemblee-nationale.fr/sycomore/fiche/(num_dept)/455/(legislature)/47,Union et fraternité française,Bouches-du-Rhône
http://www2.assemblee-nationale.fr/sycomore/fiche/(num_dept)/507/(legislature)/47,Socialiste,Gers
http://www2.assemblee-nationale.fr/sycomore/fiche/(num_dept)/509/(legislature)/47,Union et fraternité française,Lot-et-Garonne
http://www2.assemblee-nationale.fr/sycomore/fiche/(num_dept)/511/(legislature)/47,Républicain radical et radical-socialiste,Tarn-et-Garonne
http://www2.assemblee-nationale.fr/sycomore/fiche/(num_dept)/517/(legislature)/47,Républicains sociaux,Gabon-Moyen-Congo
http://www2.assemblee-nationale.fr/sycomore/fiche/(num_dept)/532/(legislature)/47,Non inscrit,Meuse
http://www2.assemblee-nationale.fr/sycomore/fiche/(num_dept)/571/(legislature)/47,Républicain radical et radical-socialiste,Seine-et-Marne
http://www2.assemblee-nationale.fr/sycomore/fiche/(num_dept)/570/(legislature)/47,Paysan,Charente-Maritime
http://www2.assemblee-nationale.fr/sycomore/fiche/(num_dept)/603/(legislature)/47,Rassemblement des gauches républicaines et du centre républicain,Oise
http://www2.assemblee-nationale.fr/sycomore/fiche/(num_dept)/616/(legislature)/47,Républicain radical et radical-socialiste,Seine-et-Oise
http://www2.assemblee-nationale.fr/sycomore/fiche/(num_dept)/628/(legislature)/47,Communiste,Seine-et-Oise
http://www2.assemblee-nationale.fr/sycomore/fiche/(num_dept)/633/(legislature)/47,Communiste,Marne
http://www2.assemblee-nationale.fr/sycomore/fiche/(num_dept)/660/(legislature)/47,Indépendants et paysans d'action sociale,Bouches-du-Rhône
http://www2.assemblee-nationale.fr/sycomore/fiche/(num_dept)/713/(legislature)/47,Union et fraternité francaise,Drôme
http://www2.assemblee-nationale.fr/sycomore/fiche/(num_dept)/724/(legislature)/47,Socialiste,Isère
http://www2.assemblee-nationale.fr/sycomore/fiche/(num_dept)/733/(legislature)/47,Union et fraternité francaise,Seine-et-Oise
http://www2.assemblee-nationale.fr/sycomore/fiche/(num_dept)/756/(legislature)/47,Communiste,Puy-de-Dôme
http://www2.assemblee-nationale.fr/sycomore/fiche/(num_dept)/762/(legislature)/47,Rassemblement des gauches républicaines et du centre républicain,Landes
http://www2.assemblee-nationale.fr/sycomore/fiche/(num_dept)/769/(legislature)/47,Indépendants et paysans d'action sociale,Seine-Maritime
http://www2.assemblee-nationale.fr/sycomore/fiche/(num_dept)/785/(legislature)/47,Mouvement républicain populaire,Seine-et-Oise
http://www2.assemblee-nationale.fr/sycomore/fiche/(num_dept)/788/(legislature)/47,Mouvement républicain populaire,Loire
http://www2.assemblee-nationale.fr/sycomore/fiche/(num_dept)/806/(legislature)/47,Communiste,Isère
http://www2.assemblee-nationale.fr/sycomore/fiche/(num_dept)/809/(legislature)/47,Républicain radical et radical-socialiste,Hautes-Pyrénées
http://www2.assemblee-nationale.fr/sycomore/fiche/(num_dept)/815/(legislature)/47,Communiste,Bouches-du-Rhône
http://www2.assemblee-nationale.fr/sycomore/fiche/(num_dept)/819/(legislature)/47,Socialiste,Seine-Maritime
http://www2.assemblee-nationale.fr/sycomore/fiche/(num_dept)/828/(legislature)/47,Communiste,Martinique
http://www2.assemblee-nationale.fr/sycomore/fiche/(num_dept)/875/(legislature)/47,Communiste,Indre
http://www2.assemblee-nationale.fr/sycomore/fiche/(num_dept)/883/(legislature)/47,Communiste,Haute-Savoie
http://www2.assemblee-nationale.fr/sycomore/fiche/(num_dept)/888/(legislature)/47,Union démocratique et socialiste de la Résistance et du RDA,Soudan
http://www2.assemblee-nationale.fr/sycomore/fiche/(num_dept)/893/(legislature)/47,Non inscrit ,Oubangui-Chari
http://www2.assemblee-nationale.fr/sycomore/fiche/(num_dept)/899/(legislature)/47,Indépendants et paysans d'action sociale,Cher
http://www2.assemblee-nationale.fr/sycomore/fiche/(num_dept)/907/(legislature)/47,Communiste,Seine
http://www2.assemblee-nationale.fr/sycomore/fiche/(num_dept)/929/(legislature)/47,Union et fraternité francaise,Sarthe
http://www2.assemblee-nationale.fr/sycomore/fiche/(num_dept)/9086/(legislature)/47,Indépendants d'outre-mer,Haute-Volta
http://www2.assemblee-nationale.fr/sycomore/fiche/(num_dept)/933/(legislature)/47,Républicain radical et radical-socialiste,Nord
http://www2.assemblee-nationale.fr/sycomore/fiche/(num_dept)/937/(legislature)/47,Union démocratique et socialiste de la Résistance et du RDA,Seine-et-Oise
http://www2.assemblee-nationale.fr/sycomore/fiche/(num_dept)/949/(legislature)/47,Rassemblement des gauches républicaines et du centre républicain,Dordogne
http://www2.assemblee-nationale.fr/sycomore/fiche/(num_dept)/948/(legislature)/47,Mouvement républicain populaire,Morbihan
http://www2.assemblee-nationale.fr/sycomore/fiche/(num_dept)/960/(legislature)/47,Communiste,Seine
http://www2.assemblee-nationale.fr/sycomore/fiche/(num_dept)/991/(legislature)/47,Indépendants et paysans d'action sociale,Aveyron
http://www2.assemblee-nationale.fr/sycomore/fiche/(num_dept)/1037/(legislature)/47,Socialiste,Côte-d'Or
http://www2.assemblee-nationale.fr/sycomore/fiche/(num_dept)/1064/(legislature)/47,Communiste,Vienne
http://www2.assemblee-nationale.fr/sycomore/fiche/(num_dept)/1072/(legislature)/47,Communiste,Ain
http://www2.assemblee-nationale.fr/sycomore/fiche/(num_dept)/1078/(legislature)/47,Union et fraternité francaise,Côtes-du-Nord
http://www2.assemblee-nationale.fr/sycomore/fiche/(num_dept)/1081/(legislature)/47,Républicains sociaux,Haut-Rhin
http://www2.assemblee-nationale.fr/sycomore/fiche/(num_dept)/1089/(legislature)/47,Républicain radical et radical-socialiste,Haute-Garonne
http://www2.assemblee-nationale.fr/sycomore/fiche/(num_dept)/1121/(legislature)/47,Communiste,Indre-et-Loire
http://www2.assemblee-nationale.fr/sycomore/fiche/(num_dept)/1124/(legislature)/47,Communiste,Saône-et-Loire
http://www2.assemblee-nationale.fr/sycomore/fiche/(num_dept)/1145/(legislature)/47,Mouvement républicain populaire,Seine
http://www2.assemblee-nationale.fr/sycomore/fiche/(num_dept)/1146/(legislature)/47,Union et fraternité francaise,Charente-Maritime
http://www2.assemblee-nationale.fr/sycomore/fiche/(num_dept)/1179/(legislature)/47,Indépendants et paysans d'action sociale,Manche
http://www2.assemblee-nationale.fr/sycomore/fiche/(num_dept)/1199/(legislature)/47,Union et fraternité française,Ain
http://www2.assemblee-nationale.fr/sycomore/fiche/(num_dept)/1222/(legislature)/47,Républicains sociaux,Aisne
http://www2.assemblee-nationale.fr/sycomore/fiche/(num_dept)/1227/(legislature)/47,Socialiste,Haute-Savoie
http://www2.assemblee-nationale.fr/sycomore/fiche/(num_dept)/1245/(legislature)/47,Républicain radical et radical-socialiste,Gers
http://www2.assemblee-nationale.fr/sycomore/fiche/(num_dept)/1265/(legislature)/47,Républicain radical et radical-socialiste,Madagascar
http://www2.assemblee-nationale.fr/sycomore/fiche/(num_dept)/1294/(legislature)/47,Républicains sociaux,Charente-Maritime
http://www2.assemblee-nationale.fr/sycomore/fiche/(num_dept)/1296/(legislature)/47,Indépendants et paysans d'action sociale,Loir-et-Cher
http://www2.assemblee-nationale.fr/sycomore/fiche/(num_dept)/1320/(legislature)/47,Mouvement républicain populaire,Mayenne
http://www2.assemblee-nationale.fr/sycomore/fiche/(num_dept)/1346/(legislature)/47,Communiste,Seine
http://www2.assemblee-nationale.fr/sycomore/fiche/(num_dept)/1350/(legislature)/47,Paysan,Morbihan
http://www2.assemblee-nationale.fr/sycomore/fiche/(num_dept)/1357/(legislature)/47,Communiste,Rhône
http://www2.assemblee-nationale.fr/sycomore/fiche/(num_dept)/1367/(legislature)/47,Républicain radical et radical-socialiste,Lot-et-Garonne
http://www2.assemblee-nationale.fr/sycomore/fiche/(num_dept)/1373/(legislature)/47,Communiste,Hérault
http://www2.assemblee-nationale.fr/sycomore/fiche/(num_dept)/1383/(legislature)/47,Union et fraternité francaise,Haute-Garonne
http://www2.assemblee-nationale.fr/sycomore/fiche/(num_dept)/1413/(legislature)/47,Communiste,Seine-Maritime
http://www2.assemblee-nationale.fr/sycomore/fiche/(num_dept)/1477/(legislature)/47,Communiste,Haute-Marne
http://www2.assemblee-nationale.fr/sycomore/fiche/(num_dept)/1476/(legislature)/47,Socialiste,Drôme
http://www2.assemblee-nationale.fr/sycomore/fiche/(num_dept)/1475/(legislature)/47,Mouvement républicain populaire,Seine-et-Oise
http://www2.assemblee-nationale.fr/sycomore/fiche/(num_dept)/1482/(legislature)/47,Communiste,Seine-et-Marne
http://www2.assemblee-nationale.fr/sycomore/fiche/(num_dept)/1491/(legislature)/47,Républicain radical et radical-socialiste,Basses-Pyrénées
http://www2.assemblee-nationale.fr/sycomore/fiche/(num_dept)/1510/(legislature)/47,Communiste,Gers
http://www2.assemblee-nationale.fr/sycomore/fiche/(num_dept)/1523/(legislature)/47,Mouvement républicain populaire,Pas-de-Calais
http://www2.assemblee-nationale.fr/sycomore/fiche/(num_dept)/1544/(legislature)/47,Mouvement républicain populaire,Seine
http://www2.assemblee-nationale.fr/sycomore/fiche/(num_dept)/1575/(legislature)/47,Communiste,Bouches-du-Rhône
http://www2.assemblee-nationale.fr/sycomore/fiche/(num_dept)/1576/(legislature)/47,,La Réunion
http://www2.assemblee-nationale.fr/sycomore/fiche/(num_dept)/1579/(legislature)/47,Communiste,Martinique
http://www2.assemblee-nationale.fr/sycomore/fiche/(num_dept)/10179/(legislature)/47,Républicains sociaux,Gironde
http://www2.assemblee-nationale.fr/sycomore/fiche/(num_dept)/1612/(legislature)/47,Indépendants et paysans d'action sociale,Yonne
http://www2.assemblee-nationale.fr/sycomore/fiche/(num_dept)/1615/(legislature)/47,Républicain progressiste,Vosges
http://www2.assemblee-nationale.fr/sycomore/fiche/(num_dept)/1663/(legislature)/47,Union et fraternité francaise,Loire-Atlantique
http://www2.assemblee-nationale.fr/sycomore/fiche/(num_dept)/1670/(legislature)/47,Socialiste,Var
http://www2.assemblee-nationale.fr/sycomore/fiche/(num_dept)/1679/(legislature)/47,Mouvement républicain populaire,Marne
http://www2.assemblee-nationale.fr/sycomore/fiche/(num_dept)/1699/(legislature)/47,Indépendants et paysans d'action sociale,Ain
http://www2.assemblee-nationale.fr/sycomore/fiche/(num_dept)/1705/(legislature)/47,Républicain radical et radical-socialiste,Deux-Sèvres
http://www2.assemblee-nationale.fr/sycomore/fiche/(num_dept)/1706/(legislature)/47,Républicains sociaux,Maine-et-Loire
http://www2.assemblee-nationale.fr/sycomore/fiche/(num_dept)/1732/(legislature)/47,Union démocratique et socialiste de la Résistance et du RDA,Cantal
http://www2.assemblee-nationale.fr/sycomore/fiche/(num_dept)/1756/(legislature)/47,Union démocratique et socialiste de la Résistance et du RDA,Comores
http://www2.assemblee-nationale.fr/sycomore/fiche/(num_dept)/1761/(legislature)/47,Communiste,Loiret
http://www2.assemblee-nationale.fr/sycomore/fiche/(num_dept)/1770/(legislature)/47,Communiste,Cher
http://www2.assemblee-nationale.fr/sycomore/fiche/(num_dept)/1817/(legislature)/47,Indépendants et paysans d'action sociale,Nord
http://www2.assemblee-nationale.fr/sycomore/fiche/(num_dept)/1860/(legislature)/47,Républicain radical et radical-socialiste,Seine
http://www2.assemblee-nationale.fr/sycomore/fiche/(num_dept)/1871/(legislature)/47,Union et fraternité francaise,Loiret
http://www2.assemblee-nationale.fr/sycomore/fiche/(num_dept)/1885/(legislature)/47,Communiste,Seine
http://www2.assemblee-nationale.fr/sycomore/fiche/(num_dept)/1889/(legislature)/47,Indépendants et paysans d'action sociale,Seine
http://www2.assemblee-nationale.fr/sycomore/fiche/(num_dept)/1894/(legislature)/47,Mouvement républicain populaire,Finistère
http://www2.assemblee-nationale.fr/sycomore/fiche/(num_dept)/1936/(legislature)/47,Union démocratique et socialiste de la Résistance et du RDA,Niger
http://www2.assemblee-nationale.fr/sycomore/fiche/(num_dept)/1940/(legislature)/47,Indépendants d'outre-mer,Haute-Volta
http://www2.assemblee-nationale.fr/sycomore/fiche/(num_dept)/1949/(legislature)/47,Socialiste,Pyrénées-Orientales
http://www2.assemblee-nationale.fr/sycomore/fiche/(num_dept)/1954/(legislature)/47,Communiste,Pas-de-Calais
http://www2.assemblee-nationale.fr/sycomore/fiche/(num_dept)/1961/(legislature)/47,Communiste,Yonne
http://www2.assemblee-nationale.fr/sycomore/fiche/(num_dept)/1964/(legislature)/47,Socialiste,Mayenne
http://www2.assemblee-nationale.fr/sycomore/fiche/(num_dept)/1973/(legislature)/47,Républicains sociaux,Alpes-Maritimes
http://www2.assemblee-nationale.fr/sycomore/fiche/(num_dept)/1993/(legislature)/47,Mouvement républicain populaire,Hérault
http://www2.assemblee-nationale.fr/sycomore/fiche/(num_dept)/1992/(legislature)/47,Mouvement républicain populaire,Haute-Garonne
http://www2.assemblee-nationale.fr/sycomore/fiche/(num_dept)/1997/(legislature)/47,Républicains sociaux,Rhône
http://www2.assemblee-nationale.fr/sycomore/fiche/(num_dept)/1999/(legislature)/47,Union et fraternité française,Indre-et-Loire
http://www2.assemblee-nationale.fr/sycomore/fiche/(num_dept)/2017/(legislature)/47,Indépendants et paysans d'action sociale,Orne
http://www2.assemblee-nationale.fr/sycomore/fiche/(num_dept)/2020/(legislature)/47,Union démocratique et socialiste de la Résistance et du RDA,Côte-d'Ivoire
http://www2.assemblee-nationale.fr/sycomore/fiche/(num_dept)/2022/(legislature)/47,Indépendants et paysans d'action sociale,Allier
http://www2.assemblee-nationale.fr/sycomore/fiche/(num_dept)/2026/(legislature)/47,Indépendants et paysans d'action sociale,Seine-Maritime
http://www2.assemblee-nationale.fr/sycomore/fiche/(num_dept)/2029/(legislature)/47,Union et fraternité française,Aube
http://www2.assemblee-nationale.fr/sycomore/fiche/(num_dept)/2047/(legislature)/47,Socialiste,Nord
http://www2.assemblee-nationale.fr/sycomore/fiche/(num_dept)/2052/(legislature)/47,Union et fraternité francaise,Seine-et-Oise
http://www2.assemblee-nationale.fr/sycomore/fiche/(num_dept)/2073/(legislature)/47,Communiste,Bouches-du-Rhône
http://www2.assemblee-nationale.fr/sycomore/fiche/(num_dept)/2077/(legislature)/47,Indépendants et paysans d'action sociale,Finistère
http://www2.assemblee-nationale.fr/sycomore/fiche/(num_dept)/2078/(legislature)/47,Indépendants et paysans d'action sociale,Meurthe-et-Moselle
http://www2.assemblee-nationale.fr/sycomore/fiche/(num_dept)/2083/(legislature)/47,Union et fraternité francaise,Deux-Sèvres
http://www2.assemblee-nationale.fr/sycomore/fiche/(num_dept)/2087/(legislature)/47,Républicain radical et radical-socialiste,Eure-et-Loir
http://www2.assemblee-nationale.fr/sycomore/fiche/(num_dept)/223/(legislature)/47,Républicain progressiste,Ille-et-Vilaine
http://www2.assemblee-nationale.fr/sycomore/fiche/(num_dept)/2553/(legislature)/47,Non-inscrit,Ille-et-Vilaine
http://www2.assemblee-nationale.fr/sycomore/fiche/(num_dept)/2097/(legislature)/47,Socialiste,Nièvre
http://www2.assemblee-nationale.fr/sycomore/fiche/(num_dept)/2105/(legislature)/47,Républicain radical et radical-socialiste,Vaucluse
http://www2.assemblee-nationale.fr/sycomore/fiche/(num_dept)/2114/(legislature)/47,Union et fraternité francaise,Seine
http://www2.assemblee-nationale.fr/sycomore/fiche/(num_dept)/2137/(legislature)/47,Socialiste,Nord
http://www2.assemblee-nationale.fr/sycomore/fiche/(num_dept)/2174/(legislature)/47,Socialiste,Landes
http://www2.assemblee-nationale.fr/sycomore/fiche/(num_dept)/2173/(legislature)/47,Rassemblement des gauches républicaines et du centre républicain,Seine-et-Oise
http://www2.assemblee-nationale.fr/sycomore/fiche/(num_dept)/2179/(legislature)/47,Union et fraternité francaise,Gironde
http://www2.assemblee-nationale.fr/sycomore/fiche/(num_dept)/339/(legislature)/47,Républicain radical et radical-socialiste,Seine
http://www2.assemblee-nationale.fr/sycomore/fiche/(num_dept)/499/(legislature)/47,Indépendants et paysans d'action sociale,Vendée
http://www2.assemblee-nationale.fr/sycomore/fiche/(num_dept)/1782/(legislature)/47,Indépendants et paysans d'action sociale,Meurthe-et-Moselle
http://www2.assemblee-nationale.fr/sycomore/fiche/(num_dept)/1781/(legislature)/47,Mouvement républicain populaire,Basses-Pyrénées
http://www2.assemblee-nationale.fr/sycomore/fiche/(num_dept)/2952/(legislature)/47,Républicain radical et radical-socialiste,Loiret
http://www2.assemblee-nationale.fr/sycomore/fiche/(num_dept)/7774/(legislature)/47,Rassemblement des gauches républicaines et du centre républicain,Seine
http://www2.assemblee-nationale.fr/sycomore/fiche/(num_dept)/7863/(legislature)/47,Républicain radical et radical-socialiste,Seine-et-Oise
http://www2.assemblee-nationale.fr/sycomore/fiche/(num_dept)/5183/(legislature)/47,Mouvement républicain populaire,Haute-Savoie
http://www2.assemblee-nationale.fr/sycomore/fiche/(num_dept)/5431/(legislature)/47,Républicain radical et radical-socialiste,Seine
http://www2.assemblee-nationale.fr/sycomore/fiche/(num_dept)/5464/(legislature)/47,Indépendants et paysans d'action sociale,Doubs
http://www2.assemblee-nationale.fr/sycomore/fiche/(num_dept)/6809/(legislature)/47,Indépendants et paysans d'action sociale,Loire-Atlantique
http://www2.assemblee-nationale.fr/sycomore/fiche/(num_dept)/7079/(legislature)/47,Mouvement républicain populaire,Vendée
http://www2.assemblee-nationale.fr/sycomore/fiche/(num_dept)/2216/(legislature)/47,Socialiste,Bouches-du-Rhône
http://www2.assemblee-nationale.fr/sycomore/fiche/(num_dept)/2223/(legislature)/47,Communiste,Pas-de-Calais
http://www2.assemblee-nationale.fr/sycomore/fiche/(num_dept)/2226/(legislature)/47,Républicain radical et radical-socialiste,Rhône
http://www2.assemblee-nationale.fr/sycomore/fiche/(num_dept)/2228/(legislature)/47,Socialiste,Seine-et-Oise
http://www2.assemblee-nationale.fr/sycomore/fiche/(num_dept)/2236/(legislature)/47,Socialiste,Tarn
http://www2.assemblee-nationale.fr/sycomore/fiche/(num_dept)/2239/(legislature)/47,Socialiste,Ariège
http://www2.assemblee-nationale.fr/sycomore/fiche/(num_dept)/2244/(legislature)/47,Socialiste,Pas-de-Calais
http://www2.assemblee-nationale.fr/sycomore/fiche/(num_dept)/2246/(legislature)/47,Indépendants et paysans d'action sociale,Savoie
http://www2.assemblee-nationale.fr/sycomore/fiche/(num_dept)/2360/(legislature)/47,Union et fraternité francaise,Finistère
http://www2.assemblee-nationale.fr/sycomore/fiche/(num_dept)/2364/(legislature)/47,Communiste,Seine-et-Oise
http://www2.assemblee-nationale.fr/sycomore/fiche/(num_dept)/2375/(legislature)/47,Communiste,Haute-Vienne
http://www2.assemblee-nationale.fr/sycomore/fiche/(num_dept)/2388/(legislature)/47,Socialiste,Nord
http://www2.assemblee-nationale.fr/sycomore/fiche/(num_dept)/2394/(legislature)/47,Socialiste,Seine
http://www2.assemblee-nationale.fr/sycomore/fiche/(num_dept)/2448/(legislature)/47,Républicain radical et radical-socialiste,Eure-et-Loir
http://www2.assemblee-nationale.fr/sycomore/fiche/(num_dept)/9087/(legislature)/47,Socialiste,Ardennes
http://www2.assemblee-nationale.fr/sycomore/fiche/(num_dept)/2481/(legislature)/47,Républicain radical et radical-socialiste,Saône-et-Loire
http://www2.assemblee-nationale.fr/sycomore/fiche/(num_dept)/2485/(legislature)/47,Socialiste,Nord
http://www2.assemblee-nationale.fr/sycomore/fiche/(num_dept)/2495/(legislature)/47,Indépendants d'outre-mer,Sénégal
http://www2.assemblee-nationale.fr/sycomore/fiche/(num_dept)/2497/(legislature)/47,Union démocratique et socialiste de la Résistance et du RDA,Guinée
http://www2.assemblee-nationale.fr/sycomore/fiche/(num_dept)/2499/(legislature)/47,Communiste,Loire
http://www2.assemblee-nationale.fr/sycomore/fiche/(num_dept)/2500/(legislature)/47,Socialiste,Soudan
http://www2.assemblee-nationale.fr/sycomore/fiche/(num_dept)/2501/(legislature)/47,Union et fraternité francaise,Seine
http://www2.assemblee-nationale.fr/sycomore/fiche/(num_dept)/2508/(legislature)/47,Mouvement républicain populaire,Côtes-du-Nord
http://www2.assemblee-nationale.fr/sycomore/fiche/(num_dept)/1387/(legislature)/47,Indépendants et paysans d'action sociale,Puy-de-Dôme
http://www2.assemblee-nationale.fr/sycomore/fiche/(num_dept)/2531/(legislature)/47,Communiste,Bouches-du-Rhône
http://www2.assemblee-nationale.fr/sycomore/fiche/(num_dept)/2552/(legislature)/47,Mouvement républicain populaire,Territoire-de-Belfort
http://www2.assemblee-nationale.fr/sycomore/fiche/(num_dept)/2564/(legislature)/47,Indépendants d'outre-mer,Cameroun
http://www2.assemblee-nationale.fr/sycomore/fiche/(num_dept)/2576/(legislature)/47,Socialiste,Somme
http://www2.assemblee-nationale.fr/sycomore/fiche/(num_dept)/2590/(legislature)/47,Républicain progressiste,Territoire-de-Belfort
http://www2.assemblee-nationale.fr/sycomore/fiche/(num_dept)/2596/(legislature)/47,Républicains sociaux,Sarthe
http://www2.assemblee-nationale.fr/sycomore/fiche/(num_dept)/2621/(legislature)/47,Union démocratique et socialiste de la Résistance et du RDA,Nièvre
http://www2.assemblee-nationale.fr/sycomore/fiche/(num_dept)/2649/(legislature)/47,Union et fraternité française,Haute-Savoie
http://www2.assemblee-nationale.fr/sycomore/fiche/(num_dept)/2652/(legislature)/47,Communiste,Seine
http://www2.assemblee-nationale.fr/sycomore/fiche/(num_dept)/2655/(legislature)/47,Républicain radical et radical-socialiste,Haute-Garonne
http://www2.assemblee-nationale.fr/sycomore/fiche/(num_dept)/2673/(legislature)/47,Communiste,Isère
http://www2.assemblee-nationale.fr/sycomore/fiche/(num_dept)/2695/(legislature)/47,Union démocratique et socialiste de la Résistance et du RDA,Haute-Vienne
http://www2.assemblee-nationale.fr/sycomore/fiche/(num_dept)/2709/(legislature)/47,Socialiste,Pas-de-Calais
http://www2.assemblee-nationale.fr/sycomore/fiche/(num_dept)/2720/(legislature)/47,Communiste,Meurthe-et-Moselle
http://www2.assemblee-nationale.fr/sycomore/fiche/(num_dept)/2727/(legislature)/47,Communiste,Lot-et-Garonne
http://www2.assemblee-nationale.fr/sycomore/fiche/(num_dept)/2730/(legislature)/47,Mouvement républicain populaire,Indre-et-Loire
http://www2.assemblee-nationale.fr/sycomore/fiche/(num_dept)/2739/(legislature)/47,Communiste,Gironde
http://www2.assemblee-nationale.fr/sycomore/fiche/(num_dept)/2747/(legislature)/47,Mouvement républicain populaire,Nord
http://www2.assemblee-nationale.fr/sycomore/fiche/(num_dept)/2768/(legislature)/47,Républicains sociaux,Nièvre
http://www2.assemblee-nationale.fr/sycomore/fiche/(num_dept)/2780/(legislature)/47,Socialiste,Ariège
http://www2.assemblee-nationale.fr/sycomore/fiche/(num_dept)/2804/(legislature)/47,Union démocratique et socialiste de la Résistance et du RDA,Madagascar
http://www2.assemblee-nationale.fr/sycomore/fiche/(num_dept)/2805/(legislature)/47,Communiste,Seine-et-Oise
http://www2.assemblee-nationale.fr/sycomore/fiche/(num_dept)/2814/(legislature)/47,Républicains sociaux,Tchad
http://www2.assemblee-nationale.fr/sycomore/fiche/(num_dept)/2827/(legislature)/47,Mouvement républicain populaire,Moselle
http://www2.assemblee-nationale.fr/sycomore/fiche/(num_dept)/2851/(legislature)/47,Communiste,Bouches-du-Rhône
http://www2.assemblee-nationale.fr/sycomore/fiche/(num_dept)/2863/(legislature)/47,Communiste,Seine-Maritime
http://www2.assemblee-nationale.fr/sycomore/fiche/(num_dept)/2869/(legislature)/47,Socialiste,Pas-de-Calais
http://www2.assemblee-nationale.fr/sycomore/fiche/(num_dept)/2888/(legislature)/47,Républicain radical et radical-socialiste,Corse
http://www2.assemblee-nationale.fr/sycomore/fiche/(num_dept)/2895/(legislature)/47,Communiste,Seine
http://www2.assemblee-nationale.fr/sycomore/fiche/(num_dept)/2906/(legislature)/47,Socialiste,Charente-Maritime
http://www2.assemblee-nationale.fr/sycomore/fiche/(num_dept)/2916/(legislature)/47,Indépendants et paysans d'action sociale,Manche
http://www2.assemblee-nationale.fr/sycomore/fiche/(num_dept)/2932/(legislature)/47,Républicain radical et radical-socialiste,Lot
http://www2.assemblee-nationale.fr/sycomore/fiche/(num_dept)/2922/(legislature)/47,Rassemblement des gauches républicaines et du centre républicain,Jura
http://www2.assemblee-nationale.fr/sycomore/fiche/(num_dept)/2947/(legislature)/47,Indépendants et paysans d'action sociale,Pas-de-Calais
http://www2.assemblee-nationale.fr/sycomore/fiche/(num_dept)/2955/(legislature)/47,Union démocratique et socialiste de la Résistance et du RDA,Moyen-Congo
http://www2.assemblee-nationale.fr/sycomore/fiche/(num_dept)/2963/(legislature)/47,Indépendants et paysans d'action sociale,Seine
http://www2.assemblee-nationale.fr/sycomore/fiche/(num_dept)/2969/(legislature)/47,Républicain progressiste,Creuse
http://www2.assemblee-nationale.fr/sycomore/fiche/(num_dept)/2968/(legislature)/47,Mouvement républicain populaire,Morbihan
http://www2.assemblee-nationale.fr/sycomore/fiche/(num_dept)/3047/(legislature)/47,Mouvement républicain populaire,Savoie
http://www2.assemblee-nationale.fr/sycomore/fiche/(num_dept)/3087/(legislature)/47,Indépendants et paysans d'action sociale,Hautes-Pyrénées
http://www2.assemblee-nationale.fr/sycomore/fiche/(num_dept)/3105/(legislature)/47,Communiste,Puy-de-Dôme
http://www2.assemblee-nationale.fr/sycomore/fiche/(num_dept)/3129/(legislature)/47,Union démocratique et socialiste de la Résistance et du RDA,Hautes-Alpes
http://www2.assemblee-nationale.fr/sycomore/fiche/(num_dept)/3144/(legislature)/47,Indépendants et paysans d'action sociale,Seine
http://www2.assemblee-nationale.fr/sycomore/fiche/(num_dept)/3177/(legislature)/47,Indépendants et paysans d'action sociale,Rhône
http://www2.assemblee-nationale.fr/sycomore/fiche/(num_dept)/3182/(legislature)/47,Mouvement républicain populaire,Loiret
http://www2.assemblee-nationale.fr/sycomore/fiche/(num_dept)/3185/(legislature)/47,Républicain radical et radical-socialiste,Charente-Maritime
http://www2.assemblee-nationale.fr/sycomore/fiche/(num_dept)/3195/(legislature)/47,Socialiste,Rhône
http://www2.assemblee-nationale.fr/sycomore/fiche/(num_dept)/3200/(legislature)/47,Républicain radical et radical-socialiste,Charente
http://www2.assemblee-nationale.fr/sycomore/fiche/(num_dept)/3205/(legislature)/47,Indépendants et paysans d'action sociale,Vosges
http://www2.assemblee-nationale.fr/sycomore/fiche/(num_dept)/3211/(legislature)/47,Communiste,Nord
http://www2.assemblee-nationale.fr/sycomore/fiche/(num_dept)/3233/(legislature)/47,Rassemblement des gauches républicaines et du centre républicain,Ariège
http://www2.assemblee-nationale.fr/sycomore/fiche/(num_dept)/3246/(legislature)/47,Socialiste,Basses-Pyrénées
http://www2.assemblee-nationale.fr/sycomore/fiche/(num_dept)/3248/(legislature)/47,Communiste,Seine
http://www2.assemblee-nationale.fr/sycomore/fiche/(num_dept)/3256/(legislature)/47,Indépendants et paysans d'action sociale,Somme
http://www2.assemblee-nationale.fr/sycomore/fiche/(num_dept)/3264/(legislature)/47,Communiste,Doubs
http://www2.assemblee-nationale.fr/sycomore/fiche/(num_dept)/3299/(legislature)/47,Républicains sociaux,Guyane
http://www2.assemblee-nationale.fr/sycomore/fiche/(num_dept)/3306/(legislature)/47,Communiste,Seine-et-Marne
http://www2.assemblee-nationale.fr/sycomore/fiche/(num_dept)/3310/(legislature)/47,Rassemblement des gauches républicaines et du centre républicain,Seine
http://www2.assemblee-nationale.fr/sycomore/fiche/(num_dept)/3316/(legislature)/47,Indépendants et paysans d'action sociale,Corse
http://www2.assemblee-nationale.fr/sycomore/fiche/(num_dept)/3323/(legislature)/47,Union et fraternité francaise,Seine
http://www2.assemblee-nationale.fr/sycomore/fiche/(num_dept)/3327/(legislature)/47,Socialiste,Seine
http://www2.assemblee-nationale.fr/sycomore/fiche/(num_dept)/3355/(legislature)/47,Indépendants et paysans d'action sociale,Haute-Saône
http://www2.assemblee-nationale.fr/sycomore/fiche/(num_dept)/3382/(legislature)/47,Socialiste,Nord
http://www2.assemblee-nationale.fr/sycomore/fiche/(num_dept)/3397/(legislature)/47,Républicain radical et radical-socialiste,Corse
http://www2.assemblee-nationale.fr/sycomore/fiche/(num_dept)/3432/(legislature)/47,Communiste,Guadeloupe
http://www2.assemblee-nationale.fr/sycomore/fiche/(num_dept)/3435/(legislature)/47,Communiste,Basses-Alpes
http://www2.assemblee-nationale.fr/sycomore/fiche/(num_dept)/3448/(legislature)/47,Indépendants et paysans d'action sociale,Puy-de-Dôme
http://www2.assemblee-nationale.fr/sycomore/fiche/(num_dept)/3487/(legislature)/47,Communiste,Charente-Maritime
http://www2.assemblee-nationale.fr/sycomore/fiche/(num_dept)/3488/(legislature)/47,Mouvement républicain populaire,Nord
http://www2.assemblee-nationale.fr/sycomore/fiche/(num_dept)/3492/(legislature)/47,Communiste,Corrèze
http://www2.assemblee-nationale.fr/sycomore/fiche/(num_dept)/3496/(legislature)/47,Socialiste,Bouches-du-Rhône
http://www2.assemblee-nationale.fr/sycomore/fiche/(num_dept)/3510/(legislature)/47,Socialiste,Gard
http://www2.assemblee-nationale.fr/sycomore/fiche/(num_dept)/3518/(legislature)/47,Indépendants et paysans d'action sociale,Sarthe
http://www2.assemblee-nationale.fr/sycomore/fiche/(num_dept)/3534/(legislature)/47,Socialiste,Allier
http://www2.assemblee-nationale.fr/sycomore/fiche/(num_dept)/3540/(legislature)/47,Paysan,Manche
http://www2.assemblee-nationale.fr/sycomore/fiche/(num_dept)/3550/(legislature)/47,Communiste,Isère
http://www2.assemblee-nationale.fr/sycomore/fiche/(num_dept)/3562/(legislature)/47,Communiste,Loire-Atlantique
http://www2.assemblee-nationale.fr/sycomore/fiche/(num_dept)/3571/(legislature)/47,Communiste,Seine
http://www2.assemblee-nationale.fr/sycomore/fiche/(num_dept)/3613/(legislature)/47,Indépendants d'outre-mer,Togo
http://www2.assemblee-nationale.fr/sycomore/fiche/(num_dept)/3631/(legislature)/47,Communiste,Seine
http://www2.assemblee-nationale.fr/sycomore/fiche/(num_dept)/3647/(legislature)/47,Socialiste,Cantal
http://www2.assemblee-nationale.fr/sycomore/fiche/(num_dept)/3651/(legislature)/47,Union et fraternité française,Ardèche
http://www2.assemblee-nationale.fr/sycomore/fiche/(num_dept)/3673/(legislature)/47,Socialiste,Aude
http://www2.assemblee-nationale.fr/sycomore/fiche/(num_dept)/3689/(legislature)/47,Mouvement républicain populaire,Côtes-du-Nord
http://www2.assemblee-nationale.fr/sycomore/fiche/(num_dept)/3695/(legislature)/47,Socialiste,Nord
http://www2.assemblee-nationale.fr/sycomore/fiche/(num_dept)/3696/(legislature)/47,Indépendants d'outre-mer,Haute-Volta
http://www2.assemblee-nationale.fr/sycomore/fiche/(num_dept)/3699/(legislature)/47,Socialiste,Loire-Atlantique
http://www2.assemblee-nationale.fr/sycomore/fiche/(num_dept)/3698/(legislature)/47,Indépendants et paysans d'action sociale,Vendée
http://www2.assemblee-nationale.fr/sycomore/fiche/(num_dept)/3708/(legislature)/47,Socialiste,Gironde
http://www2.assemblee-nationale.fr/sycomore/fiche/(num_dept)/3711/(legislature)/47,Communiste,Seine
http://www2.assemblee-nationale.fr/sycomore/fiche/(num_dept)/3730/(legislature)/47,Mouvement républicain populaire,Orne
http://www2.assemblee-nationale.fr/sycomore/fiche/(num_dept)/3736/(legislature)/47,Union démocratique et socialiste de la Résistance et du RDA,Niger
http://www2.assemblee-nationale.fr/sycomore/fiche/(num_dept)/3742/(legislature)/47,Communiste,Côtes-du-Nord
http://www2.assemblee-nationale.fr/sycomore/fiche/(num_dept)/5922/(legislature)/47,Républicain radical et radical-socialiste,Creuse
http://www2.assemblee-nationale.fr/sycomore/fiche/(num_dept)/3786/(legislature)/47,Union et fraternité francaise,Nord
http://www2.assemblee-nationale.fr/sycomore/fiche/(num_dept)/3791/(legislature)/47,Indépendants et paysans d'action sociale,Manche
http://www2.assemblee-nationale.fr/sycomore/fiche/(num_dept)/3793/(legislature)/47,Socialiste,Pas-de-Calais
http://www2.assemblee-nationale.fr/sycomore/fiche/(num_dept)/3817/(legislature)/47,Républicain radical et radical-socialiste,Seine
http://www2.assemblee-nationale.fr/sycomore/fiche/(num_dept)/3819/(legislature)/47,Républicain radical et radical-socialiste,Rhône
http://www2.assemblee-nationale.fr/sycomore/fiche/(num_dept)/3821/(legislature)/47,Républicain radical et radical-socialiste,Oise
http://www2.assemblee-nationale.fr/sycomore/fiche/(num_dept)/3871/(legislature)/47,Communiste,Seine
http://www2.assemblee-nationale.fr/sycomore/fiche/(num_dept)/3874/(legislature)/47,Union démocratique et socialiste de la Résistance et du RDA,Côte-d'Ivoire
http://www2.assemblee-nationale.fr/sycomore/fiche/(num_dept)/3881/(legislature)/47,Républicain radical et radical-socialiste,Seine-et-Oise
http://www2.assemblee-nationale.fr/sycomore/fiche/(num_dept)/3889/(legislature)/47,Indépendants et paysans d'action sociale,Haute-Marne
http://www2.assemblee-nationale.fr/sycomore/fiche/(num_dept)/3897/(legislature)/47,Républicain radical et radical-socialiste,Alpes-Maritimes
http://www2.assemblee-nationale.fr/sycomore/fiche/(num_dept)/3895/(legislature)/47,Républicain radical et radical-socialiste,Seine
http://www2.assemblee-nationale.fr/sycomore/fiche/(num_dept)/3923/(legislature)/47,Union et fraternité française,Aveyron
http://www2.assemblee-nationale.fr/sycomore/fiche/(num_dept)/3928/(legislature)/47,Mouvement républicain populaire,Morbihan
http://www2.assemblee-nationale.fr/sycomore/fiche/(num_dept)/3947/(legislature)/47,Indépendants et paysans d'action sociale,Seine
http://www2.assemblee-nationale.fr/sycomore/fiche/(num_dept)/3968/(legislature)/47,Indépendants et paysans d'action sociale,Loire
http://www2.assemblee-nationale.fr/sycomore/fiche/(num_dept)/3971/(legislature)/47,Indépendants et paysans d'action sociale,Meuse
http://www2.assemblee-nationale.fr/sycomore/fiche/(num_dept)/4000/(legislature)/47,Socialiste,Seine
http://www2.assemblee-nationale.fr/sycomore/fiche/(num_dept)/4006/(legislature)/47,Indépendants et paysans d'action sociale,Rhône
http://www2.assemblee-nationale.fr/sycomore/fiche/(num_dept)/4027/(legislature)/47,Mouvement républicain populaire,Morbihan
http://www2.assemblee-nationale.fr/sycomore/fiche/(num_dept)/4058/(legislature)/47,Indépendants et paysans d'action sociale,Doubs
http://www2.assemblee-nationale.fr/sycomore/fiche/(num_dept)/4067/(legislature)/47,Communiste,Seine
http://www2.assemblee-nationale.fr/sycomore/fiche/(num_dept)/4087/(legislature)/47,Communiste,Tarn-et-Garonne
http://www2.assemblee-nationale.fr/sycomore/fiche/(num_dept)/4094/(legislature)/47,Communiste,Hautes-Alpes
http://www2.assemblee-nationale.fr/sycomore/fiche/(num_dept)/4095/(legislature)/47,Union et fraternité francaise,Gard
http://www2.assemblee-nationale.fr/sycomore/fiche/(num_dept)/4100/(legislature)/47,Rassemblement des gauches républicaines et du centre républicain,Eure-et-Loir
http://www2.assemblee-nationale.fr/sycomore/fiche/(num_dept)/4107/(legislature)/47,Socialiste,Lot
http://www2.assemblee-nationale.fr/sycomore/fiche/(num_dept)/4108/(legislature)/47,Socialiste,Bouches-du-Rhône
http://www2.assemblee-nationale.fr/sycomore/fiche/(num_dept)/4120/(legislature)/47,Union démocratique et socialiste de la Résistance et du RDA,Soudan
http://www2.assemblee-nationale.fr/sycomore/fiche/(num_dept)/4144/(legislature)/47,Indépendants et paysans d'action sociale,Côte-d'Or
http://www2.assemblee-nationale.fr/sycomore/fiche/(num_dept)/4147/(legislature)/47,Mouvement républicain populaire,Bas-Rhin
http://www2.assemblee-nationale.fr/sycomore/fiche/(num_dept)/4150/(legislature)/47,Républicains sociaux,Bas-Rhin
http://www2.assemblee-nationale.fr/sycomore/fiche/(num_dept)/4151/(legislature)/47,Union démocratique et socialiste de la Résistance et du RDA,Soudan
http://www2.assemblee-nationale.fr/sycomore/fiche/(num_dept)/4156/(legislature)/47,Communiste,Meurthe-et-Moselle
http://www2.assemblee-nationale.fr/sycomore/fiche/(num_dept)/4175/(legislature)/47,Indépendants et paysans d'action sociale,Ille-et-Vilaine
http://www2.assemblee-nationale.fr/sycomore/fiche/(num_dept)/4203/(legislature)/47,Paysan,Rhône
http://www2.assemblee-nationale.fr/sycomore/fiche/(num_dept)/4218/(legislature)/47,Mouvement républicain populaire,Tarn-et-Garonne
http://www2.assemblee-nationale.fr/sycomore/fiche/(num_dept)/4229/(legislature)/47,Socialiste,Dordogne
http://www2.assemblee-nationale.fr/sycomore/fiche/(num_dept)/4246/(legislature)/47,Rassemblement des gauches républicaines et du centre républicain,Seine
http://www2.assemblee-nationale.fr/sycomore/fiche/(num_dept)/4261/(legislature)/47,Républicain radical et radical-socialiste,Dordogne
http://www2.assemblee-nationale.fr/sycomore/fiche/(num_dept)/4279/(legislature)/47,Union et fraternité francaise,Cher
http://www2.assemblee-nationale.fr/sycomore/fiche/(num_dept)/4277/(legislature)/47,Paysan,Eure
http://www2.assemblee-nationale.fr/sycomore/fiche/(num_dept)/4289/(legislature)/47,Indépendants et paysans d'action sociale,Côte-d'Or
http://www2.assemblee-nationale.fr/sycomore/fiche/(num_dept)/4294/(legislature)/47,Union et fraternité française,Yonne
http://www2.assemblee-nationale.fr/sycomore/fiche/(num_dept)/4297/(legislature)/47,Socialiste,Landes
http://www2.assemblee-nationale.fr/sycomore/fiche/(num_dept)/4305/(legislature)/47,Communiste,Bouches-du-Rhône
http://www2.assemblee-nationale.fr/sycomore/fiche/(num_dept)/4319/(legislature)/47,Communiste,Somme
http://www2.assemblee-nationale.fr/sycomore/fiche/(num_dept)/4338/(legislature)/47,Indépendants et paysans d'action sociale,Calvados
http://www2.assemblee-nationale.fr/sycomore/fiche/(num_dept)/4344/(legislature)/47,Socialiste,Meurthe-et-Moselle
http://www2.assemblee-nationale.fr/sycomore/fiche/(num_dept)/4355/(legislature)/47,Communiste,Ardennes
http://www2.assemblee-nationale.fr/sycomore/fiche/(num_dept)/4373/(legislature)/47,Socialiste,Seine-Maritime
http://www2.assemblee-nationale.fr/sycomore/fiche/(num_dept)/4372/(legislature)/47,Union et fraternité francaise,Vienne
http://www2.assemblee-nationale.fr/sycomore/fiche/(num_dept)/7497/(legislature)/47,Indépendants et paysans d'action sociale,Cantal
http://www2.assemblee-nationale.fr/sycomore/fiche/(num_dept)/7538/(legislature)/47,Socialiste,Haute-Vienne
http://www2.assemblee-nationale.fr/sycomore/fiche/(num_dept)/7551/(legislature)/47,Communiste,Côtes-du-Nord
http://www2.assemblee-nationale.fr/sycomore/fiche/(num_dept)/7573/(legislature)/47,Socialiste,Gironde
http://www2.assemblee-nationale.fr/sycomore/fiche/(num_dept)/7607/(legislature)/47,Union et fraternité française,Seine
http://www2.assemblee-nationale.fr/sycomore/fiche/(num_dept)/9615/(legislature)/47,Socialiste,Ille-et-Vilaine
http://www2.assemblee-nationale.fr/sycomore/fiche/(num_dept)/7629/(legislature)/47,Socialiste,Seine
http://www2.assemblee-nationale.fr/sycomore/fiche/(num_dept)/7660/(legislature)/47,Républicain radical et radical-socialiste,Seine
http://www2.assemblee-nationale.fr/sycomore/fiche/(num_dept)/7663/(legislature)/47,Républicain radical et radical-socialiste,Seine-Maritime
http://www2.assemblee-nationale.fr/sycomore/fiche/(num_dept)/7668/(legislature)/47,Mouvement républicain populaire,Seine
http://www2.assemblee-nationale.fr/sycomore/fiche/(num_dept)/7681/(legislature)/47,Socialiste,Bouches-du-Rhône
http://www2.assemblee-nationale.fr/sycomore/fiche/(num_dept)/7687/(legislature)/47,Mouvement républicain populaire,Seine
http://www2.assemblee-nationale.fr/sycomore/fiche/(num_dept)/7707/(legislature)/47,Communiste,Aisne
http://www2.assemblee-nationale.fr/sycomore/fiche/(num_dept)/7706/(legislature)/47,Indépendants et paysans d'action sociale,Pas-de-Calais
http://www2.assemblee-nationale.fr/sycomore/fiche/(num_dept)/9088/(legislature)/47,Communiste,Seine-Maritime
http://www2.assemblee-nationale.fr/sycomore/fiche/(num_dept)/7709/(legislature)/47,Indépendants et paysans d'action sociale,Oise
http://www2.assemblee-nationale.fr/sycomore/fiche/(num_dept)/7715/(legislature)/47,Union et fraternité francaise,Seine-Maritime
http://www2.assemblee-nationale.fr/sycomore/fiche/(num_dept)/7738/(legislature)/47,Socialiste,Somme
http://www2.assemblee-nationale.fr/sycomore/fiche/(num_dept)/7744/(legislature)/47,Républicains sociaux,Vosges
http://www2.assemblee-nationale.fr/sycomore/fiche/(num_dept)/7757/(legislature)/47,Socialiste,Nord
http://www2.assemblee-nationale.fr/sycomore/fiche/(num_dept)/7765/(legislature)/47,Non-inscrit,Nouvelle-Calédonie
http://www2.assemblee-nationale.fr/sycomore/fiche/(num_dept)/7764/(legislature)/47,Communiste,Calvados
http://www2.assemblee-nationale.fr/sycomore/fiche/(num_dept)/7803/(legislature)/47,Communiste,Seine-Maritime
http://www2.assemblee-nationale.fr/sycomore/fiche/(num_dept)/7812/(legislature)/47,Communiste,Landes
http://www2.assemblee-nationale.fr/sycomore/fiche/(num_dept)/7820/(legislature)/47,Communiste,Pas-de-Calais
http://www2.assemblee-nationale.fr/sycomore/fiche/(num_dept)/7832/(legislature)/47,Socialiste,Aisne
http://www2.assemblee-nationale.fr/sycomore/fiche/(num_dept)/7864/(legislature)/47,Républicains sociaux,Gironde
http://www2.assemblee-nationale.fr/sycomore/fiche/(num_dept)/7866/(legislature)/47,Union démocratique et socialiste de la Résistance et du RDA,Tchad
http://www2.assemblee-nationale.fr/sycomore/fiche/(num_dept)/7873/(legislature)/47,Communiste,Haute-Garonne
http://www2.assemblee-nationale.fr/sycomore/fiche/(num_dept)/4832/(legislature)/47,Socialiste,Loir-et-Cher
http://www2.assemblee-nationale.fr/sycomore/fiche/(num_dept)/4834/(legislature)/47,Mouvement républicain populaire,Calvados
http://www2.assemblee-nationale.fr/sycomore/fiche/(num_dept)/4842/(legislature)/47,Mouvement républicain populaire,Manche
http://www2.assemblee-nationale.fr/sycomore/fiche/(num_dept)/4847/(legislature)/47,Union et fraternité francaise,Somme
http://www2.assemblee-nationale.fr/sycomore/fiche/(num_dept)/4860/(legislature)/47,Mouvement républicain populaire,Bas-Rhin
http://www2.assemblee-nationale.fr/sycomore/fiche/(num_dept)/4863/(legislature)/47,Socialiste,Puy-de-Dôme
http://www2.assemblee-nationale.fr/sycomore/fiche/(num_dept)/9033/(legislature)/47,Indépendants d'outre-mer,Dahomey
http://www2.assemblee-nationale.fr/sycomore/fiche/(num_dept)/4892/(legislature)/47,Indépendants d'outre-mer,Côte française des Somalis
http://www2.assemblee-nationale.fr/sycomore/fiche/(num_dept)/4900/(legislature)/47,Républicain radical et radical-socialiste,Hautes-Pyrénées
http://www2.assemblee-nationale.fr/sycomore/fiche/(num_dept)/4923/(legislature)/47,Républicains sociaux,Oubangui-Chari-Tchad
http://www2.assemblee-nationale.fr/sycomore/fiche/(num_dept)/4933/(legislature)/47,Communiste,Seine
http://www2.assemblee-nationale.fr/sycomore/fiche/(num_dept)/4949/(legislature)/47,Communiste,Sarthe
http://www2.assemblee-nationale.fr/sycomore/fiche/(num_dept)/4948/(legislature)/47,Paysan,Maine-et-Loire
http://www2.assemblee-nationale.fr/sycomore/fiche/(num_dept)/4951/(legislature)/47,Communiste,Pas-de-Calais
http://www2.assemblee-nationale.fr/sycomore/fiche/(num_dept)/4962/(legislature)/47,Socialiste,Finistère
http://www2.assemblee-nationale.fr/sycomore/fiche/(num_dept)/4967/(legislature)/47,Indépendants et paysans d'action sociale,Morbihan
http://www2.assemblee-nationale.fr/sycomore/fiche/(num_dept)/4993/(legislature)/47,Socialiste,Calvados
http://www2.assemblee-nationale.fr/sycomore/fiche/(num_dept)/4995/(legislature)/47,Communiste,Cher
http://www2.assemblee-nationale.fr/sycomore/fiche/(num_dept)/4997/(legislature)/47,Républicain radical et radical-socialiste,Seine-Maritime
http://www2.assemblee-nationale.fr/sycomore/fiche/(num_dept)/9093/(legislature)/47,Communiste,Vaucluse
http://www2.assemblee-nationale.fr/sycomore/fiche/(num_dept)/5012/(legislature)/47,Républicain radical et radical-socialiste,Haute-Saône
http://www2.assemblee-nationale.fr/sycomore/fiche/(num_dept)/5022/(legislature)/47,Communiste,Seine
http://www2.assemblee-nationale.fr/sycomore/fiche/(num_dept)/5030/(legislature)/47,Communiste,Nord
http://www2.assemblee-nationale.fr/sycomore/fiche/(num_dept)/5032/(legislature)/47,Union et fraternité française,Seine-et-Marne
http://www2.assemblee-nationale.fr/sycomore/fiche/(num_dept)/5038/(legislature)/47,Républicain radical et radical-socialiste,Eure
http://www2.assemblee-nationale.fr/sycomore/fiche/(num_dept)/5060/(legislature)/47,Communiste,Seine
http://www2.assemblee-nationale.fr/sycomore/fiche/(num_dept)/5074/(legislature)/47,Socialiste,Bouches-du-Rhône
http://www2.assemblee-nationale.fr/sycomore/fiche/(num_dept)/5083/(legislature)/47,Républicain radical et radical-socialiste,Haute-Marne
http://www2.assemblee-nationale.fr/sycomore/fiche/(num_dept)/5106/(legislature)/47,Communiste,Nord
http://www2.assemblee-nationale.fr/sycomore/fiche/(num_dept)/5127/(legislature)/47,Républicains sociaux,Seine
http://www2.assemblee-nationale.fr/sycomore/fiche/(num_dept)/5136/(legislature)/47,Socialiste,Seine
http://www2.assemblee-nationale.fr/sycomore/fiche/(num_dept)/5147/(legislature)/47,Socialiste,Côtes-du-Nord
http://www2.assemblee-nationale.fr/sycomore/fiche/(num_dept)/5152/(legislature)/47,Socialiste,Saône-et-Loire
http://www2.assemblee-nationale.fr/sycomore/fiche/(num_dept)/9095/(legislature)/47,Socialiste,Cameroun
http://www2.assemblee-nationale.fr/sycomore/fiche/(num_dept)/5154/(legislature)/47,Mouvement républicain populaire,Bas-Rhin
http://www2.assemblee-nationale.fr/sycomore/fiche/(num_dept)/5157/(legislature)/47,Rassemblement des gauches républicaines et du centre républicain,Alpes-Maritimes
http://www2.assemblee-nationale.fr/sycomore/fiche/(num_dept)/5161/(legislature)/47,Mouvement républicain populaire,Ille-et-Vilaine
http://www2.assemblee-nationale.fr/sycomore/fiche/(num_dept)/5176/(legislature)/47,Républicain radical et radical-socialiste,Eure
http://www2.assemblee-nationale.fr/sycomore/fiche/(num_dept)/5193/(legislature)/47,Mouvement républicain populaire,Deux-Sèvres
http://www2.assemblee-nationale.fr/sycomore/fiche/(num_dept)/5192/(legislature)/47,Communiste,Oise
http://www2.assemblee-nationale.fr/sycomore/fiche/(num_dept)/9096/(legislature)/47,Socialiste,Oise
http://www2.assemblee-nationale.fr/sycomore/fiche/(num_dept)/5206/(legislature)/47,Communiste,Var
http://www2.assemblee-nationale.fr/sycomore/fiche/(num_dept)/5226/(legislature)/47,Socialiste,Seine-et-Oise
http://www2.assemblee-nationale.fr/sycomore/fiche/(num_dept)/5236/(legislature)/47,Républicain progressiste,Côte-d'Or
http://www2.assemblee-nationale.fr/sycomore/fiche/(num_dept)/5233/(legislature)/47,Socialiste,Indre-et-Loire
http://www2.assemblee-nationale.fr/sycomore/fiche/(num_dept)/5252/(legislature)/47,Mouvement républicain populaire,Vendée
http://www2.assemblee-nationale.fr/sycomore/fiche/(num_dept)/5264/(legislature)/47,Communiste,Drôme
http://www2.assemblee-nationale.fr/sycomore/fiche/(num_dept)/5270/(legislature)/47,Communiste,Seine-et-Oise
http://www2.assemblee-nationale.fr/sycomore/fiche/(num_dept)/5276/(legislature)/47,Indépendants et paysans d'action sociale,Seine-et-Oise
http://www2.assemblee-nationale.fr/sycomore/fiche/(num_dept)/5295/(legislature)/47,Socialiste,Doubs
http://www2.assemblee-nationale.fr/sycomore/fiche/(num_dept)/5312/(legislature)/47,Union démocratique et socialiste de la Résistance et du RDA,Nièvre
http://www2.assemblee-nationale.fr/sycomore/fiche/(num_dept)/5316/(legislature)/47,Socialiste,Hérault
http://www2.assemblee-nationale.fr/sycomore/fiche/(num_dept)/5323/(legislature)/47,Mouvement républicain populaire,Loire-Atlantique
http://www2.assemblee-nationale.fr/sycomore/fiche/(num_dept)/5333/(legislature)/47,Socialiste,Pas-de-Calais
http://www2.assemblee-nationale.fr/sycomore/fiche/(num_dept)/5336/(legislature)/47,Indépendants et paysans d'action sociale,Moselle
http://www2.assemblee-nationale.fr/sycomore/fiche/(num_dept)/5335/(legislature)/47,Communiste,La Réunion
http://www2.assemblee-nationale.fr/sycomore/fiche/(num_dept)/5342/(legislature)/47,Paysan,Orne
http://www2.assemblee-nationale.fr/sycomore/fiche/(num_dept)/5349/(legislature)/47,Socialiste,Guadeloupe
http://www2.assemblee-nationale.fr/sycomore/fiche/(num_dept)/5351/(legislature)/47,Union et fraternité francaise,Mayenne
http://www2.assemblee-nationale.fr/sycomore/fiche/(num_dept)/5365/(legislature)/47,Socialiste,Corrèze
http://www2.assemblee-nationale.fr/sycomore/fiche/(num_dept)/5374/(legislature)/47,Mouvement républicain populaire,Finistère
http://www2.assemblee-nationale.fr/sycomore/fiche/(num_dept)/5377/(legislature)/47,Indépendants et paysans d'action sociale,Rhône
http://www2.assemblee-nationale.fr/sycomore/fiche/(num_dept)/5375/(legislature)/47,Socialiste,Haute-Garonne
http://www2.assemblee-nationale.fr/sycomore/fiche/(num_dept)/5397/(legislature)/47,Communiste,Basses-Pyrénées
http://www2.assemblee-nationale.fr/sycomore/fiche/(num_dept)/5406/(legislature)/47,Indépendants et paysans d'action sociale,Yonne
http://www2.assemblee-nationale.fr/sycomore/fiche/(num_dept)/5417/(legislature)/47,Républicain radical et radical-socialiste,Indre
http://www2.assemblee-nationale.fr/sycomore/fiche/(num_dept)/5418/(legislature)/47,Républicain radical et radical-socialiste,Loire-Atlantique
http://www2.assemblee-nationale.fr/sycomore/fiche/(num_dept)/5467/(legislature)/47,Communiste,Bouches-du-Rhône
http://www2.assemblee-nationale.fr/sycomore/fiche/(num_dept)/5471/(legislature)/47,Indépendants et paysans d'action sociale,Saône-et-Loire
http://www2.assemblee-nationale.fr/sycomore/fiche/(num_dept)/5472/(legislature)/47,Communiste,Savoie
http://www2.assemblee-nationale.fr/sycomore/fiche/(num_dept)/5490/(legislature)/47,Communiste,Nord
http://www2.assemblee-nationale.fr/sycomore/fiche/(num_dept)/5492/(legislature)/47,Indépendants et paysans d'action sociale,Aube
http://www2.assemblee-nationale.fr/sycomore/fiche/(num_dept)/5500/(legislature)/47,Socialiste,Basses-Alpes
http://www2.assemblee-nationale.fr/sycomore/fiche/(num_dept)/5514/(legislature)/47,Républicain radical et radical-socialiste,Seine
http://www2.assemblee-nationale.fr/sycomore/fiche/(num_dept)/5531/(legislature)/47,Union et fraternité francaise,Ille-et-Vilaine
http://www2.assemblee-nationale.fr/sycomore/fiche/(num_dept)/5546/(legislature)/47,Union et fraternité francaise,Seine
http://www2.assemblee-nationale.fr/sycomore/fiche/(num_dept)/5545/(legislature)/47,Mouvement républicain populaire,Vosges
http://www2.assemblee-nationale.fr/sycomore/fiche/(num_dept)/5555/(legislature)/47,Socialiste,Cameroun
http://www2.assemblee-nationale.fr/sycomore/fiche/(num_dept)/5556/(legislature)/47,Républicains sociaux,Nord
http://www2.assemblee-nationale.fr/sycomore/fiche/(num_dept)/5567/(legislature)/47,Communiste,Aube
http://www2.assemblee-nationale.fr/sycomore/fiche/(num_dept)/5579/(legislature)/47,Socialiste,Nord
http://www2.assemblee-nationale.fr/sycomore/fiche/(num_dept)/6463/(legislature)/47,Paysan,Polynésie française
http://www2.assemblee-nationale.fr/sycomore/fiche/(num_dept)/5617/(legislature)/47,Mouvement républicain populaire,Haut-Rhin
http://www2.assemblee-nationale.fr/sycomore/fiche/(num_dept)/5619/(legislature)/47,Mouvement républicain populaire,Finistère
http://www2.assemblee-nationale.fr/sycomore/fiche/(num_dept)/5630/(legislature)/47,Républicains sociaux,Haute-Volta
http://www2.assemblee-nationale.fr/sycomore/fiche/(num_dept)/5648/(legislature)/47,Communiste,Hérault
http://www2.assemblee-nationale.fr/sycomore/fiche/(num_dept)/5664/(legislature)/47,Socialiste,Ardèche
http://www2.assemblee-nationale.fr/sycomore/fiche/(num_dept)/5668/(legislature)/47,Républicain radical et radical-socialiste,Seine
http://www2.assemblee-nationale.fr/sycomore/fiche/(num_dept)/5678/(legislature)/47,Paysan,Isère
http://www2.assemblee-nationale.fr/sycomore/fiche/(num_dept)/5685/(legislature)/47,Socialiste,Pas-de-Calais
http://www2.assemblee-nationale.fr/sycomore/fiche/(num_dept)/5689/(legislature)/47,Union et fraternité française,Allier
http://www2.assemblee-nationale.fr/sycomore/fiche/(num_dept)/5722/(legislature)/47,Communiste,Finistère
http://www2.assemblee-nationale.fr/sycomore/fiche/(num_dept)/5727/(legislature)/47,Union et fraternité francaise,Puy-de-Dôme
http://www2.assemblee-nationale.fr/sycomore/fiche/(num_dept)/5730/(legislature)/47,Communiste,Loir-et-Cher
http://www2.assemblee-nationale.fr/sycomore/fiche/(num_dept)/5739/(legislature)/47,Indépendants et paysans d'action sociale,Haute-Loire
http://www2.assemblee-nationale.fr/sycomore/fiche/(num_dept)/5761/(legislature)/47,Communiste,Tarn
http://www2.assemblee-nationale.fr/sycomore/fiche/(num_dept)/5756/(legislature)/47,Union et fraternité francaise,Bouches-du-Rhône
http://www2.assemblee-nationale.fr/sycomore/fiche/(num_dept)/5763/(legislature)/47,Indépendants et paysans d'action sociale,Orne
http://www2.assemblee-nationale.fr/sycomore/fiche/(num_dept)/5769/(legislature)/47,Mouvement républicain populaire,Ardennes
http://www2.assemblee-nationale.fr/sycomore/fiche/(num_dept)/5770/(legislature)/47,Communiste,Finistère
http://www2.assemblee-nationale.fr/sycomore/fiche/(num_dept)/5774/(legislature)/47,Communiste,Eure-et-Loir
http://www2.assemblee-nationale.fr/sycomore/fiche/(num_dept)/3189/(legislature)/47,Communiste,Seine-et-Oise
http://www2.assemblee-nationale.fr/sycomore/fiche/(num_dept)/5801/(legislature)/47,Communiste,Dordogne
http://www2.assemblee-nationale.fr/sycomore/fiche/(num_dept)/5826/(legislature)/47,Indépendants et paysans d'action sociale,Loiret
http://www2.assemblee-nationale.fr/sycomore/fiche/(num_dept)/5836/(legislature)/47,Républicains sociaux,Loir-et-Cher
http://www2.assemblee-nationale.fr/sycomore/fiche/(num_dept)/5845/(legislature)/47,Indépendants et paysans d'action sociale,Basses-Pyrénées
http://www2.assemblee-nationale.fr/sycomore/fiche/(num_dept)/5881/(legislature)/47,Mouvement républicain populaire,Bas-Rhin
http://www2.assemblee-nationale.fr/sycomore/fiche/(num_dept)/5892/(legislature)/47,Indépendants et paysans d'action sociale,Haute-Savoie
http://www2.assemblee-nationale.fr/sycomore/fiche/(num_dept)/5916/(legislature)/47,Communiste,Nord
http://www2.assemblee-nationale.fr/sycomore/fiche/(num_dept)/5925/(legislature)/47,Socialiste,Yonne
http://www2.assemblee-nationale.fr/sycomore/fiche/(num_dept)/5942/(legislature)/47,Indépendants et paysans d'action sociale,Loire
http://www2.assemblee-nationale.fr/sycomore/fiche/(num_dept)/5945/(legislature)/47,Socialiste,Sarthe
http://www2.assemblee-nationale.fr/sycomore/fiche/(num_dept)/5952/(legislature)/47,Indépendants et paysans d'action sociale,Finistère
http://www2.assemblee-nationale.fr/sycomore/fiche/(num_dept)/5958/(legislature)/47,Communiste,Indre
http://www2.assemblee-nationale.fr/sycomore/fiche/(num_dept)/5964/(legislature)/47,Communiste,Eure
http://www2.assemblee-nationale.fr/sycomore/fiche/(num_dept)/5974/(legislature)/47,Indépendants et paysans d'action sociale,Ardèche
http://www2.assemblee-nationale.fr/sycomore/fiche/(num_dept)/5975/(legislature)/47,Rassemblement des gauches républicaines et du centre républicain,Cameroun
http://www2.assemblee-nationale.fr/sycomore/fiche/(num_dept)/5980/(legislature)/47,Union démocratique et socialiste de la Résistance et du RDA,Côtes-du-Nord
http://www2.assemblee-nationale.fr/sycomore/fiche/(num_dept)/5999/(legislature)/47,Non inscrit,Vosges
http://www2.assemblee-nationale.fr/sycomore/fiche/(num_dept)/6409/(legislature)/47,Union et fraternité francaise,Vaucluse
http://www2.assemblee-nationale.fr/sycomore/fiche/(num_dept)/6458/(legislature)/47,Communiste,Alpes-Maritimes
http://www2.assemblee-nationale.fr/sycomore/fiche/(num_dept)/6480/(legislature)/47,Communiste,Corrèze
http://www2.assemblee-nationale.fr/sycomore/fiche/(num_dept)/6948/(legislature)/47,Socialiste,Finistère
http://www2.assemblee-nationale.fr/sycomore/fiche/(num_dept)/6500/(legislature)/47,Communiste,Pas-de-Calais
http://www2.assemblee-nationale.fr/sycomore/fiche/(num_dept)/6503/(legislature)/47,Indépendants et paysans d'action sociale,Mayenne
http://www2.assemblee-nationale.fr/sycomore/fiche/(num_dept)/6505/(legislature)/47,Mouvement républicain populaire,Maine-et-Loire
http://www2.assemblee-nationale.fr/sycomore/fiche/(num_dept)/6506/(legislature)/47,Union et fraternité francaise,Seine
http://www2.assemblee-nationale.fr/sycomore/fiche/(num_dept)/6512/(legislature)/47,Communiste,Charente
http://www2.assemblee-nationale.fr/sycomore/fiche/(num_dept)/6515/(legislature)/47,Communiste,Somme
http://www2.assemblee-nationale.fr/sycomore/fiche/(num_dept)/6522/(legislature)/47,Socialiste,Nord
http://www2.assemblee-nationale.fr/sycomore/fiche/(num_dept)/6541/(legislature)/47,Indépendants et paysans d'action sociale,Var
http://www2.assemblee-nationale.fr/sycomore/fiche/(num_dept)/6554/(legislature)/47,Républicain radical et radical-socialiste,Corrèze
http://www2.assemblee-nationale.fr/sycomore/fiche/(num_dept)/6563/(legislature)/47,Rassemblement des gauches républicaines et du centre républicain,Seine
http://www2.assemblee-nationale.fr/sycomore/fiche/(num_dept)/6565/(legislature)/47,Communiste,Seine
http://www2.assemblee-nationale.fr/sycomore/fiche/(num_dept)/6584/(legislature)/47,Indépendants et paysans d'action sociale,Loire-Atlantique
http://www2.assemblee-nationale.fr/sycomore/fiche/(num_dept)/6586/(legislature)/47,Mouvement républicain populaire,Madagascar
http://www2.assemblee-nationale.fr/sycomore/fiche/(num_dept)/6588/(legislature)/47,Socialiste,Aveyron
http://www2.assemblee-nationale.fr/sycomore/fiche/(num_dept)/6592/(legislature)/47,Indépendants et paysans d'action sociale,Moselle
http://www2.assemblee-nationale.fr/sycomore/fiche/(num_dept)/6595/(legislature)/47,Communiste,Nord
http://www2.assemblee-nationale.fr/sycomore/fiche/(num_dept)/6596/(legislature)/47,Républicain radical et radical-socialiste,Indre
http://www2.assemblee-nationale.fr/sycomore/fiche/(num_dept)/6598/(legislature)/47,Communiste,Dordogne
http://www2.assemblee-nationale.fr/sycomore/fiche/(num_dept)/6630/(legislature)/47,Mouvement républicain populaire,Manche
http://www2.assemblee-nationale.fr/sycomore/fiche/(num_dept)/6648/(legislature)/47,Socialiste,Haute-Vienne
http://www2.assemblee-nationale.fr/sycomore/fiche/(num_dept)/6659/(legislature)/47,Mouvement républicain populaire,Tarn
http://www2.assemblee-nationale.fr/sycomore/fiche/(num_dept)/6670/(legislature)/47,Communiste,Aisne
http://www2.assemblee-nationale.fr/sycomore/fiche/(num_dept)/6686/(legislature)/47,Union et fraternité francaise,Gironde
http://www2.assemblee-nationale.fr/sycomore/fiche/(num_dept)/6703/(legislature)/47,Mouvement républicain populaire,Haut-Rhin
http://www2.assemblee-nationale.fr/sycomore/fiche/(num_dept)/6710/(legislature)/47,Indépendants et paysans d'action sociale,Nord
http://www2.assemblee-nationale.fr/sycomore/fiche/(num_dept)/6712/(legislature)/47,Union et fraternité francaise,Tarn
http://www2.assemblee-nationale.fr/sycomore/fiche/(num_dept)/6714/(legislature)/47,Communiste,Gironde
http://www2.assemblee-nationale.fr/sycomore/fiche/(num_dept)/6722/(legislature)/47,Indépendants et paysans d'action sociale,Ardèche
http://www2.assemblee-nationale.fr/sycomore/fiche/(num_dept)/6756/(legislature)/47,Communiste,Gironde
http://www2.assemblee-nationale.fr/sycomore/fiche/(num_dept)/6777/(legislature)/47,Socialiste,Aube
http://www2.assemblee-nationale.fr/sycomore/fiche/(num_dept)/6792/(legislature)/47,Indépendants et paysans d'action sociale,Bas-Rhin
http://www2.assemblee-nationale.fr/sycomore/fiche/(num_dept)/6023/(legislature)/47,Communiste,Gard
http://www2.assemblee-nationale.fr/sycomore/fiche/(num_dept)/6041/(legislature)/47,Communiste,Saône-et-Loire
http://www2.assemblee-nationale.fr/sycomore/fiche/(num_dept)/6042/(legislature)/47,Indépendants et paysans d'action sociale,Côte-d'Or
http://www2.assemblee-nationale.fr/sycomore/fiche/(num_dept)/6062/(legislature)/47,Républicain radical et radical-socialiste,Seine
http://www2.assemblee-nationale.fr/sycomore/fiche/(num_dept)/6078/(legislature)/47,Communiste,Aude
http://www2.assemblee-nationale.fr/sycomore/fiche/(num_dept)/6111/(legislature)/47,Communiste,Ardèche
http://www2.assemblee-nationale.fr/sycomore/fiche/(num_dept)/6110/(legislature)/47,Communiste,Gard
http://www2.assemblee-nationale.fr/sycomore/fiche/(num_dept)/6136/(legislature)/47,Indépendants et paysans d'action sociale,Vendée
http://www2.assemblee-nationale.fr/sycomore/fiche/(num_dept)/6188/(legislature)/47,Union et fraternité francaise,Isère
http://www2.assemblee-nationale.fr/sycomore/fiche/(num_dept)/4858/(legislature)/47,Socialiste,Vaucluse
http://www2.assemblee-nationale.fr/sycomore/fiche/(num_dept)/6190/(legislature)/47,Communiste,Lot-et-Garonne
http://www2.assemblee-nationale.fr/sycomore/fiche/(num_dept)/6191/(legislature)/47,Communiste,Haute-Garonne
http://www2.assemblee-nationale.fr/sycomore/fiche/(num_dept)/6206/(legislature)/47,Républicain radical et radical-socialiste,Haute-Loire
http://www2.assemblee-nationale.fr/sycomore/fiche/(num_dept)/6258/(legislature)/47,Indépendants et paysans d'action sociale,Deux-Sèvres
http://www2.assemblee-nationale.fr/sycomore/fiche/(num_dept)/6262/(legislature)/47,Union et fraternité française,Aude
http://www2.assemblee-nationale.fr/sycomore/fiche/(num_dept)/6271/(legislature)/47,Rassemblement des gauches républicaines et du centre républicain,Madagascar
http://www2.assemblee-nationale.fr/sycomore/fiche/(num_dept)/6302/(legislature)/47,Communiste,Aisne
http://www2.assemblee-nationale.fr/sycomore/fiche/(num_dept)/6313/(legislature)/47,Mouvement républicain populaire,Maine-et-Loire
http://www2.assemblee-nationale.fr/sycomore/fiche/(num_dept)/6322/(legislature)/47,Communiste,Meuse
http://www2.assemblee-nationale.fr/sycomore/fiche/(num_dept)/6323/(legislature)/47,Socialiste,Saint-Pierre-et-Miquelon
http://www2.assemblee-nationale.fr/sycomore/fiche/(num_dept)/6329/(legislature)/47,Mouvement républicain populaire,Moselle
http://www2.assemblee-nationale.fr/sycomore/fiche/(num_dept)/6333/(legislature)/47,Union et fraternité francaise,Loire
http://www2.assemblee-nationale.fr/sycomore/fiche/(num_dept)/6345/(legislature)/47,Mouvement républicain populaire,Bas-Rhin
http://www2.assemblee-nationale.fr/sycomore/fiche/(num_dept)/6353/(legislature)/47,Mouvement républicain populaire,Marne
http://www2.assemblee-nationale.fr/sycomore/fiche/(num_dept)/6358/(legislature)/47,Mouvement républicain populaire,Moselle
http://www2.assemblee-nationale.fr/sycomore/fiche/(num_dept)/6359/(legislature)/47,Mouvement républicain populaire,Nord
http://www2.assemblee-nationale.fr/sycomore/fiche/(num_dept)/6369/(legislature)/47,Socialiste,Loiret
http://www2.assemblee-nationale.fr/sycomore/fiche/(num_dept)/6374/(legislature)/47,Mouvement républicain populaire,Moselle
http://www2.assemblee-nationale.fr/sycomore/fiche/(num_dept)/6385/(legislature)/47,Indépendants d'outre-mer,Sénégal
http://www2.assemblee-nationale.fr/sycomore/fiche/(num_dept)/6830/(legislature)/47,Mouvement républicain populaire,Mauritanie
http://www2.assemblee-nationale.fr/sycomore/fiche/(num_dept)/6852/(legislature)/47,Mouvement républicain populaire,Drôme
http://www2.assemblee-nationale.fr/sycomore/fiche/(num_dept)/6862/(legislature)/47,Socialiste,Soudan
http://www2.assemblee-nationale.fr/sycomore/fiche/(num_dept)/6882/(legislature)/47,Républicain radical et radical-socialiste,Loire
http://www2.assemblee-nationale.fr/sycomore/fiche/(num_dept)/6885/(legislature)/47,Républicain radical et radical-socialiste,Indre-et-Loire
http://www2.assemblee-nationale.fr/sycomore/fiche/(num_dept)/6886/(legislature)/47,Indépendants et paysans d'action sociale,Gironde
http://www2.assemblee-nationale.fr/sycomore/fiche/(num_dept)/6890/(legislature)/47,Communiste,Charente
http://www2.assemblee-nationale.fr/sycomore/fiche/(num_dept)/6892/(legislature)/47,Républicains sociaux,Rhône
http://www2.assemblee-nationale.fr/sycomore/fiche/(num_dept)/6946/(legislature)/47,Union et fraternité francaise,Seine-Maritime
http://www2.assemblee-nationale.fr/sycomore/fiche/(num_dept)/6954/(legislature)/47,Indépendants et paysans d'action sociale,Seine
http://www2.assemblee-nationale.fr/sycomore/fiche/(num_dept)/6979/(legislature)/47,Mouvement républicain populaire,Ille-et-Vilaine
http://www2.assemblee-nationale.fr/sycomore/fiche/(num_dept)/6982/(legislature)/47,Indépendants et paysans d'action sociale,Aveyron
http://www2.assemblee-nationale.fr/sycomore/fiche/(num_dept)/7002/(legislature)/47,Union et fraternité francaise,Hérault
http://www2.assemblee-nationale.fr/sycomore/fiche/(num_dept)/7008/(legislature)/47,Communiste,Lot
http://www2.assemblee-nationale.fr/sycomore/fiche/(num_dept)/7010/(legislature)/47,Indépendants et paysans d'action sociale,Charente
http://www2.assemblee-nationale.fr/sycomore/fiche/(num_dept)/7020/(legislature)/47,Communiste,Loire
http://www2.assemblee-nationale.fr/sycomore/fiche/(num_dept)/7022/(legislature)/47,Mouvement républicain populaire,Gard
http://www2.assemblee-nationale.fr/sycomore/fiche/(num_dept)/7036/(legislature)/47,Indépendants et paysans d'action sociale,Moselle
http://www2.assemblee-nationale.fr/sycomore/fiche/(num_dept)/7046/(legislature)/47,Socialiste,Nord
http://www2.assemblee-nationale.fr/sycomore/fiche/(num_dept)/7044/(legislature)/47,Non inscrit,Seine
http://www2.assemblee-nationale.fr/sycomore/fiche/(num_dept)/7061/(legislature)/47,Socialiste,Loire
http://www2.assemblee-nationale.fr/sycomore/fiche/(num_dept)/7063/(legislature)/47,Communiste,Seine
http://www2.assemblee-nationale.fr/sycomore/fiche/(num_dept)/7084/(legislature)/47,Républicains sociaux,Guadeloupe
http://www2.assemblee-nationale.fr/sycomore/fiche/(num_dept)/7091/(legislature)/47,Socialiste,Ardennes
http://www2.assemblee-nationale.fr/sycomore/fiche/(num_dept)/7094/(legislature)/47,Non inscrit,Basses-Pyrénées
http://www2.assemblee-nationale.fr/sycomore/fiche/(num_dept)/7101/(legislature)/47,Républicain radical et radical-socialiste,Ain
http://www2.assemblee-nationale.fr/sycomore/fiche/(num_dept)/7105/(legislature)/47,Paysan,Loire-Atlantique
http://www2.assemblee-nationale.fr/sycomore/fiche/(num_dept)/7111/(legislature)/47,Union démocratique et socialiste de la Résistance et du RDA,Guinée
http://www2.assemblee-nationale.fr/sycomore/fiche/(num_dept)/7116/(legislature)/47,Communiste,Pyrénées-Orientales
http://www2.assemblee-nationale.fr/sycomore/fiche/(num_dept)/7120/(legislature)/47,Communiste,Creuse
http://www2.assemblee-nationale.fr/sycomore/fiche/(num_dept)/7145/(legislature)/47,Indépendants et paysans d'action sociale,Lozère
http://www2.assemblee-nationale.fr/sycomore/fiche/(num_dept)/7147/(legislature)/47,Républicain radical et radical-socialiste,Lot-et-Garonne
http://www2.assemblee-nationale.fr/sycomore/fiche/(num_dept)/7151/(legislature)/47,Républicains sociaux,Calvados
http://www2.assemblee-nationale.fr/sycomore/fiche/(num_dept)/7153/(legislature)/47,Communiste,Haute-Vienne
http://www2.assemblee-nationale.fr/sycomore/fiche/(num_dept)/7169/(legislature)/47,Socialiste,Madagascar
http://www2.assemblee-nationale.fr/sycomore/fiche/(num_dept)/7170/(legislature)/47,Mouvement républicain populaire,Bas-Rhin
http://www2.assemblee-nationale.fr/sycomore/fiche/(num_dept)/7172/(legislature)/47,Indépendants et paysans d'action sociale,Maine-et-Loire
http://www2.assemblee-nationale.fr/sycomore/fiche/(num_dept)/7182/(legislature)/47,Communiste,Marne
http://www2.assemblee-nationale.fr/sycomore/fiche/(num_dept)/7185/(legislature)/47,Mouvement républicain populaire,Haut-Rhin
http://www2.assemblee-nationale.fr/sycomore/fiche/(num_dept)/7198/(legislature)/47,Union et fraternité francaise,Saône-et-Loire
http://www2.assemblee-nationale.fr/sycomore/fiche/(num_dept)/7202/(legislature)/47,Communiste,Seine
http://www2.assemblee-nationale.fr/sycomore/fiche/(num_dept)/7207/(legislature)/47,Communiste,Rhône
http://www2.assemblee-nationale.fr/sycomore/fiche/(num_dept)/7209/(legislature)/47,Socialiste,Aude
http://www2.assemblee-nationale.fr/sycomore/fiche/(num_dept)/7211/(legislature)/47,Union et fraternité francaise,Isère
http://www2.assemblee-nationale.fr/sycomore/fiche/(num_dept)/7212/(legislature)/47,Paysan,Indre-et-Loire
http://www2.assemblee-nationale.fr/sycomore/fiche/(num_dept)/7213/(legislature)/47,Union et fraternité francaise,Puy-de-Dôme
http://www2.assemblee-nationale.fr/sycomore/fiche/(num_dept)/7214/(legislature)/47,Indépendants et paysans d'action sociale,Seine
http://www2.assemblee-nationale.fr/sycomore/fiche/(num_dept)/7215/(legislature)/47,Communiste,Allier
http://www2.assemblee-nationale.fr/sycomore/fiche/(num_dept)/7220/(legislature)/47,Socialiste,Seine
http://www2.assemblee-nationale.fr/sycomore/fiche/(num_dept)/7221/(legislature)/47,Communiste,La Réunion
http://www2.assemblee-nationale.fr/sycomore/fiche/(num_dept)/7222/(legislature)/47,Communiste,Seine
http://www2.assemblee-nationale.fr/sycomore/fiche/(num_dept)/7226/(legislature)/47,Socialiste,Martinique
http://www2.assemblee-nationale.fr/sycomore/fiche/(num_dept)/7228/(legislature)/47,Républicains sociaux,Lozère
http://www2.assemblee-nationale.fr/sycomore/fiche/(num_dept)/7230/(legislature)/47,Mouvement républicain populaire,Jura
http://www2.assemblee-nationale.fr/sycomore/fiche/(num_dept)/7233/(legislature)/47,Indépendants et paysans d'action sociale,Seine
http://www2.assemblee-nationale.fr/sycomore/fiche/(num_dept)/7234/(legislature)/47,Union et fraternité française,Rhône
http://www2.assemblee-nationale.fr/sycomore/fiche/(num_dept)/7258/(legislature)/47,Mouvement républicain populaire,Morbihan
http://www2.assemblee-nationale.fr/sycomore/fiche/(num_dept)/7235/(legislature)/47,Mouvement républicain populaire,Rhône
http://www2.assemblee-nationale.fr/sycomore/fiche/(num_dept)/7237/(legislature)/47,Communiste,Allier
http://www2.assemblee-nationale.fr/sycomore/fiche/(num_dept)/7259/(legislature)/47,Paysan,Haute-Saône
http://www2.assemblee-nationale.fr/sycomore/fiche/(num_dept)/7243/(legislature)/47,Communiste,Saône-et-Loire
http://www2.assemblee-nationale.fr/sycomore/fiche/(num_dept)/7246/(legislature)/47,Mouvement républicain populaire,Haut-Rhin
